樣本編號,性別,年齡,每日閱讀報紙分鐘,每日看電視分鐘,每日使用網路分鐘,每週閱讀雜誌分鐘,抽樣權數
106117,Female,23,30,60,300,0,0.807775334231511
106208,Female,21,0,120,180,60,0.807775334231511
110116,Male,19,0,120,420,0,0.807775334231511
110119,Male,24,3,60,240,120,0.807775334231511
110219,Male,19,0,120,480,0,0.807775334231511
111119,Male,20,60,60,300,240,0.718413274683003
111144,Female,20,10,0,60,180,0.718413274683003
111222,Male,21,0,120,240,360,0.718413274683003
111234,Female,24,15,120,120,60,0.718413274683003
112117,Male,20,0,360,180,0,0.770980106363034
112129,Male,21,0,120,120,0,0.770980106363034
112239,Male,21,0,0,120,0,0.770980106363034
116126,Female,22,10,30,360,120,0.831846965580071
116136,Male,21,10,45,480,210,0.831846965580071
116218,Female,21,0,90,300,0,0.831846965580071
116223,Male,24,5,30,120,NA,0.831846965580071
206118,Male,21,0,60,240,0,0.771174983801733
206134,Female,24,0,60,300,60,0.771174983801733
206206,Female,22,NA,60,840,150,0.771174983801733
207118,Female,23,0,240,240,0,0.883624785883926
220224,Male,19,0,180,360,0,0.903148143353548
220231,Male,24,30,150,180,0,0.903148143353548
222114,Female,22,10,60,180,0,0.843472649944026
222115,Female,19,0,60,180,120,0.843472649944026
222217,Female,20,0,120,330,0,0.843472649944026
231235,Female,22,0,120,180,60,0.692080014661873
234125,Male,22,0,120,240,30,0.750077095794649
234141,Female,21,0,150,720,40,0.750077095794649
234220,Female,20,0,120,120,0,0.750077095794649
234231,Male,21,0,180,240,0,0.750077095794649
235135,Female,24,0,300,720,180,0.831846965580071
235137,Female,21,30,10,300,0,0.831846965580071
235211,Female,21,0,240,180,60,0.831846965580071
235214,Male,19,0,0,360,0,0.831846965580071
235223,Female,22,0,10,240,60,0.831846965580071
235236,Female,24,0,120,900,0,0.831846965580071
236114,Male,23,0,60,120,0,0.692080014661873
236206,Female,24,0,60,600,30,0.692080014661873
236214,Female,19,0,90,270,0,0.692080014661873
236217,Male,20,0,20,120,0,0.692080014661873
236232,Male,24,0,0,720,0,0.692080014661873
237113,Female,23,10,150,120,60,0.771174983801733
238202,Male,21,0,0,150,1440,0.771174983801733
238204,Male,23,0,0,300,0,0.771174983801733
238216,Male,24,0,120,180,0,0.771174983801733
238218,Female,23,0,60,180,0,0.771174983801733
241117,Male,19,15,180,240,0,0.770980106363034
241141,Male,24,15,120,360,0,0.770980106363034
241203,Female,23,10,10,180,0,0.770980106363034
242211,Female,22,30,240,270,0,0.903148143353548
242214,Male,21,0,180,480,0,0.903148143353548
244126,Female,24,30,60,90,60,0.831846965580071
244133,Female,22,0,120,300,0,0.831846965580071
244137,Male,20,0,90,360,0,0.831846965580071
244208,Male,22,60,150,330,60,0.831846965580071
244228,Female,19,0,60,60,5,0.831846965580071
251113,Female,22,10,300,180,0,0.878060569785044
251125,Male,19,0,300,360,120,0.878060569785044
251134,Female,19,0,180,240,0,0.878060569785044
269113,Male,23,20,120,180,0,0.883624785883926
269122,Male,19,20,0,300,0,0.883624785883926
300102,Male,19,10,150,150,0,0.774887731672533
300105,Male,22,0,180,150,0,0.774887731672533
300115,Female,20,15,15,180,15,0.774887731672533
300208,Female,22,90,90,180,60,0.774887731672533
300224,Female,22,0,30,180,0,0.774887731672533
300232,Female,19,0,120,120,5,0.774887731672533
300240,Male,21,60,90,60,0,0.774887731672533
302107,Female,20,0,60,120,30,0.96337362953165
302135,Male,23,0,210,330,30,0.96337362953165
302203,Male,19,0,60,180,0,0.96337362953165
302212,Female,19,0,180,300,180,0.96337362953165
302217,Male,22,0,0,300,0,0.96337362953165
302229,Female,21,0,0,120,0,0.96337362953165
302232,Female,23,0,60,150,180,0.96337362953165
324102,Female,24,0,0,360,0,1.11236804353596
324105,Female,22,0,60,300,0,1.11236804353596
324112,Male,22,0,300,60,0,1.11236804353596
324118,Male,20,0,120,360,0,1.11236804353596
324209,Female,24,0,60,180,60,1.11236804353596
324222,Male,24,0,60,210,0,1.11236804353596
324225,Female,23,0,90,150,0,1.11236804353596
326126,Male,24,0,120,240,60,1.11236804353596
326127,Male,24,0,240,60,0,1.11236804353596
326211,Male,24,0,120,480,0,1.11236804353596
326218,Female,19,0,60,360,0,1.11236804353596
326229,Female,19,0,60,300,0,1.11236804353596
326231,Female,19,5,240,360,0,1.11236804353596
328102,Male,19,0,330,300,0,1.19733614412157
328104,Female,19,60,150,60,0,1.19733614412157
328106,Female,21,15,30,60,30,1.19733614412157
328114,Male,21,30,90,60,0,1.19733614412157
328204,Male,19,0,60,360,0,1.19733614412157
330235,Male,20,0,60,120,120,0.913969886054424
333115,Male,19,0,0,270,0,1.07760626558301
333130,Male,23,0,120,300,0,1.07760626558301
333208,Male,24,0,0,360,0,1.07760626558301
333215,Male,22,NA,180,150,0,1.07760626558301
333217,Female,22,0,60,180,0,1.07760626558301
360105,Male,19,0,0,210,0,1.11236804353596
360119,Female,22,0,60,360,0,1.11236804353596
360203,Female,19,5,210,300,0,1.11236804353596
360204,Male,24,0,180,180,0,1.11236804353596
360224,Male,19,0,360,360,0,1.11236804353596
360227,Male,24,0,120,300,0,1.11236804353596
364109,Male,23,10,30,270,180,1.09755824872901
364119,Female,19,0,60,120,0,1.09755824872901
402103,Female,19,0,120,300,0,0.90162524437804
402120,Male,19,0,0,120,0,0.90162524437804
402227,Male,23,0,30,180,0,0.90162524437804
406130,Male,24,0,30,120,30,0.874303131080825
406215,Female,23,0,0,360,60,0.874303131080825
407106,Male,23,20,480,480,360,0.90162524437804
407209,Female,19,0,0,180,60,0.90162524437804
407212,Female,21,0,180,300,30,0.90162524437804
412121,Male,24,0,15,240,0,1.06133094861926
412213,Female,24,20,120,420,0,1.06133094861926
412218,Female,20,0,150,360,0,1.06133094861926
412226,Female,23,0,10,180,60,1.06133094861926
413125,Female,22,0,60,240,0,1.21865686962265
413222,Male,21,60,10,60,60,1.21865686962265
414211,Male,23,30,60,300,0,1.02595325020247
433103,Male,22,0,0,120,0,1.06133094861926
433112,Female,20,0,60,90,0,1.06133094861926
433117,Female,22,0,0,60,0,1.06133094861926
433215,Female,22,0,120,60,0,1.06133094861926
433218,Male,23,20,120,180,20,1.06133094861926
437105,Female,22,10,120,360,20,1.21865686962265
437202,Male,23,10,240,180,60,1.21865686962265
437205,Female,23,30,120,480,30,1.21865686962265
437206,Male,24,0,60,330,0,1.21865686962265
437207,Female,23,30,600,600,30,1.21865686962265
437213,Male,22,60,60,300,30,1.21865686962265
437221,Male,21,10,60,150,0,1.21865686962265
503118,Male,19,0,0,180,0,1.21865686962265
503124,Female,23,0,180,120,0,1.21865686962265
503125,Male,23,0,0,540,0,1.21865686962265
503215,Male,23,0,120,480,0,1.21865686962265
510219,Male,21,20,20,120,0,1.02595325020247
523103,Male,21,30,120,240,120,1.21865686962265
523105,Male,19,0,300,300,0,1.21865686962265
523116,Male,22,0,0,120,0,1.21865686962265
523117,Male,22,0,60,180,0,1.21865686962265
523201,Male,22,0,90,90,0,1.21865686962265
523222,Female,22,0,60,180,0,1.21865686962265
526101,Female,24,0,270,360,90,1.24317202003123
551202,Female,19,0,0,0,0,1.24317202003123
600105,Male,21,30,0,240,600,1.16763824576469
600111,Male,23,0,0,720,0,1.16763824576469
600121,Female,20,0,180,240,0,1.16763824576469
600219,Female,23,10,60,480,120,1.16763824576469
604206,Female,24,0,5,180,0,1.11504673744942
621222,Female,23,0,120,240,0,1.26494119020799
651111,Male,19,0,180,240,0,1.07044521771677
651122,Male,19,0,120,300,0,1.07044521771677
651202,Female,23,0,60,210,0,1.07044521771677
651219,Male,24,30,30,120,0,1.07044521771677
653106,Female,21,0,0,300,120,1.11504673744942
653116,Female,19,0,120,330,0,1.11504673744942
653206,Female,24,0,330,600,840,1.11504673744942
653218,Male,20,0,0,390,0,1.11504673744942
701109,Female,24,0,180,420,10,1.16223124828666
701112,Male,22,10,120,120,0,1.16223124828666
702103,Female,20,0,60,120,0,1.16763824576469
702209,Female,22,0,90,90,90,1.16763824576469
709112,Female,24,0,120,780,0,1.25908361057793
709203,Male,20,0,60,240,180,1.25908361057793
717109,Female,24,0,210,120,0,1.16223124828666
717121,Female,21,0,60,360,90,1.16223124828666
717211,Male,22,0,150,300,0,1.16223124828666
722212,Male,22,60,30,300,120,1.16763824576469
722219,Male,19,0,30,150,0,1.16763824576469
722221,Female,19,0,90,360,0,1.16763824576469
801116,Female,24,0,30,240,0,0.991617947824746
801121,Male,20,30,90,180,20,0.991617947824746
811109,Female,19,0,30,180,60,1.01626792045268
811117,Male,19,0,50,360,5,1.01626792045268
811129,Male,19,0,90,300,0,1.01626792045268
811131,Female,20,5,30,180,0,1.01626792045268
811216,Male,20,15,60,120,0,1.01626792045268
813101,Female,19,0,30,300,0,1.04670777851405
813106,Female,24,0,120,120,0,1.04670777851405
813136,Female,21,0,30,180,120,1.04670777851405
813212,Male,23,20,20,360,60,1.04670777851405
813222,Male,20,0,60,60,60,1.04670777851405
820105,Male,23,0,30,210,150,1.01626792045268
820109,Female,21,0,120,60,0,1.01626792045268
820115,Female,22,0,150,210,0,1.01626792045268
820127,Female,21,0,180,300,0,1.01626792045268
820205,Female,19,0,240,120,0,1.01626792045268
821120,Male,19,0,25,210,0,1.29325587138695
821203,Female,24,10,180,240,0,1.29325587138695
821212,Female,22,0,25,120,0,1.29325587138695
830115,Male,24,0,180,600,0,0.991617947824746
830119,Female,19,5,90,300,60,0.991617947824746
830131,Male,23,60,180,300,120,0.991617947824746
830138,Male,21,0,180,480,0,0.991617947824746
830204,Male,23,0,360,360,0,0.991617947824746
830228,Female,23,0,120,60,0,0.991617947824746
830238,Female,22,0,0,60,15,0.991617947824746
931208,Male,21,0,240,60,0,1.29325587138695
931213,Female,22,0,60,180,0,1.29325587138695
931218,Female,21,0,60,210,0,1.29325587138695
946123,Female,19,10,330,180,0,1.29325587138695
946124,Male,24,0,60,60,60,1.29325587138695
946125,Male,23,0,270,180,0,1.29325587138695
946227,Female,22,30,30,300,30,1.29325587138695
973112,Male,24,5,120,60,0,0.964992309007118
973122,Male,24,0,90,300,0,0.964992309007118
973124,Female,24,0,30,360,0,0.964992309007118
981209,Male,22,0,0,120,0,1.04294714282112
981214,Male,20,0,0,180,0,1.04294714282112
