樣本編號,性別,年齡,地區代碼,教育程度,是否完成學業,抽樣權數
106117,Female,23,1,College (continue with 6a2),"Yes, I graduated",0.807775334231511
106208,Female,21,1,College (continue with 6a2),"No, I didn't graduate",0.807775334231511
110116,Male,19,1,College (continue with 6a2),Not applicable,0.807775334231511
110119,Male,24,1,College (continue with 6a2),"Yes, I graduated",0.807775334231511
110219,Male,19,1,College (continue with 6a2),"No, I am still a student",0.807775334231511
111119,Male,20,1,College (continue with 6a2),Not applicable,0.718413274683003
111144,Female,20,1,College (continue with 6a2),Not applicable,0.718413274683003
111222,Male,21,1,College (continue with 6a2),"No, I am still a student",0.718413274683003
111234,Female,24,1,College (continue with 6a2),"Yes, I graduated",0.718413274683003
112117,Male,20,1,"Institute of technology, science and technological college (continue with 6a2)","No, I am still a student",0.770980106363034
112129,Male,21,1,College (continue with 6a2),"No, I am still a student",0.770980106363034
112239,Male,21,1,Vocational senior high school (continue with 6a1),"Yes, I graduated",0.770980106363034
116126,Female,22,1,"Institute of technology, science and technological college (continue with 6a2)","No, I am still a student",0.831846965580071
116136,Male,21,1,College (continue with 6a2),"No, I am still a student",0.831846965580071
116218,Female,21,1,College (continue with 6a2),"No, I am still a student",0.831846965580071
116223,Male,24,1,College (continue with 6a2),"Yes, I graduated",0.831846965580071
206118,Male,21,1,"Institute of technology, science and technological college (continue with 6a2)","No, I am still a student",0.771174983801733
206134,Female,24,1,"Institute of technology, science and technological college (continue with 6a2)","Yes, I graduated",0.771174983801733
206206,Female,22,1,"Institute of technology, science and technological college (continue with 6a2)","Yes, I graduated",0.771174983801733
207118,Female,23,1,Vocational senior high school (continue with 6a1),"Yes, I graduated",0.883624785883926
220224,Male,19,1,"Institute of technology, science and technological college (continue with 6a2)",Not applicable,0.903148143353548
220231,Male,24,1,Senior high school (continue with 6a1),"Yes, I graduated",0.903148143353548
222114,Female,22,1,College (continue with 6a2),"Yes, I graduated",0.843472649944026
222115,Female,19,1,Vocational senior high school (continue with 6a1),"No, I didn't graduate",0.843472649944026
222217,Female,20,1,College (continue with 6a2),"No, I am still a student",0.843472649944026
231235,Female,22,1,"Institute of technology, science and technological college (continue with 6a2)","Yes, I graduated",0.692080014661873
234125,Male,22,1,Master's degree (continue with 6a2),"No, I am still a student",0.750077095794649
234141,Female,21,1,"Institute of technology, science and technological college (continue with 6a2)","No, I am still a student",0.750077095794649
234220,Female,20,1,Vocational senior high school (continue with 6a1),"Yes, I graduated",0.750077095794649
234231,Male,21,1,Junior high school,"Yes, I graduated",0.750077095794649
235135,Female,24,1,"Institute of technology, science and technological college (continue with 6a2)","Yes, I graduated",0.831846965580071
235137,Female,21,1,College (continue with 6a2),"No, I am still a student",0.831846965580071
235211,Female,21,1,College (continue with 6a2),"No, I am still a student",0.831846965580071
235214,Male,19,1,"Institute of technology, science and technological college (continue with 6a2)",Not applicable,0.831846965580071
235223,Female,22,1,Vocational senior high school (continue with 6a1),"No, I didn't graduate",0.831846965580071
235236,Female,24,1,"Institute of technology, science and technological college (continue with 6a2)","Yes, I graduated",0.831846965580071
236114,Male,23,1,Master's degree (continue with 6a2),"No, I am still a student",0.692080014661873
236206,Female,24,1,Vocational senior high school (continue with 6a1),"No, I didn't graduate",0.692080014661873
236214,Female,19,1,"Institute of technology, science and technological college (continue with 6a2)","No, I am still a student",0.692080014661873
236217,Male,20,1,College (continue with 6a2),"No, I am still a student",0.692080014661873
236232,Male,24,1,"Institute of technology, science and technological college (continue with 6a2)","Yes, I graduated",0.692080014661873
237113,Female,23,1,"Institute of technology, science and technological college (continue with 6a2)","Yes, I graduated",0.771174983801733
238202,Male,21,1,College (continue with 6a2),"No, I am still a student",0.771174983801733
238204,Male,23,1,College (continue with 6a2),"Yes, I graduated",0.771174983801733
238216,Male,24,1,College (continue with 6a2),"Yes, I graduated",0.771174983801733
238218,Female,23,1,College (continue with 6a2),Not applicable,0.771174983801733
241117,Male,19,1,"Institute of technology, science and technological college (continue with 6a2)","No, I am still a student",0.770980106363034
241141,Male,24,1,"Institute of technology, science and technological college (continue with 6a2)","Yes, I graduated",0.770980106363034
241203,Female,23,1,"Institute of technology, science and technological college (continue with 6a2)","Yes, I graduated",0.770980106363034
242211,Female,22,1,College (continue with 6a2),"Yes, I graduated",0.903148143353548
242214,Male,21,1,Vocational senior high school (continue with 6a1),"No, I didn't graduate",0.903148143353548
244126,Female,24,1,College (continue with 6a2),"Yes, I graduated",0.831846965580071
244133,Female,22,1,College (continue with 6a2),Not applicable,0.831846965580071
244137,Male,20,1,"Institute of technology, science and technological college (continue with 6a2)",Not applicable,0.831846965580071
244208,Male,22,1,College (continue with 6a2),"Yes, I graduated",0.831846965580071
244228,Female,19,1,College (continue with 6a2),"No, I am still a student",0.831846965580071
251113,Female,22,1,College (continue with 6a2),"Yes, I graduated",0.878060569785044
251125,Male,19,1,College (continue with 6a2),"No, I am still a student",0.878060569785044
251134,Female,19,1,Five-year junior college,"No, I am still a student",0.878060569785044
269113,Male,23,1,College (continue with 6a2),"Yes, I graduated",0.883624785883926
269122,Male,19,1,"Institute of technology, science and technological college (continue with 6a2)","No, I am still a student",0.883624785883926
300102,Male,19,2,"Institute of technology, science and technological college (continue with 6a2)",Not applicable,0.774887731672533
300105,Male,22,2,"Institute of technology, science and technological college (continue with 6a2)","Yes, I graduated",0.774887731672533
300115,Female,20,2,Comprehensive senior high school (continue with 6a1),"Yes, I graduated",0.774887731672533
300208,Female,22,2,Master's degree (continue with 6a2),"No, I am still a student",0.774887731672533
300224,Female,22,2,College (continue with 6a2),Not applicable,0.774887731672533
300232,Female,19,2,Junior high school,"Yes, I graduated",0.774887731672533
300240,Male,21,2,Vocational senior high school (continue with 6a1),"Yes, I graduated",0.774887731672533
302107,Female,20,2,"Institute of technology, science and technological college (continue with 6a2)",Not applicable,0.96337362953165
302135,Male,23,2,Master's degree (continue with 6a2),"Yes, I graduated",0.96337362953165
302203,Male,19,2,College (continue with 6a2),"No, I am still a student",0.96337362953165
302212,Female,19,2,College (continue with 6a2),"No, I am still a student",0.96337362953165
302217,Male,22,2,"Institute of technology, science and technological college (continue with 6a2)",Not applicable,0.96337362953165
302229,Female,21,2,College (continue with 6a2),"No, I am still a student",0.96337362953165
302232,Female,23,2,"Institute of technology, science and technological college (continue with 6a2)","Yes, I graduated",0.96337362953165
324102,Female,24,2,Junior high school,"Yes, I graduated",1.11236804353596
324105,Female,22,2,"Institute of technology, science and technological college (continue with 6a2)","Yes, I graduated",1.11236804353596
324112,Male,22,2,"Institute of technology, science and technological college (continue with 6a2)","Yes, I graduated",1.11236804353596
324118,Male,20,2,"Institute of technology, science and technological college (continue with 6a2)","No, I am still a student",1.11236804353596
324209,Female,24,2,Master's degree (continue with 6a2),"Yes, I graduated",1.11236804353596
324222,Male,24,2,"Institute of technology, science and technological college (continue with 6a2)","Yes, I graduated",1.11236804353596
324225,Female,23,2,"Institute of technology, science and technological college (continue with 6a2)","Yes, I graduated",1.11236804353596
326126,Male,24,2,"Institute of technology, science and technological college (continue with 6a2)","Yes, I graduated",1.11236804353596
326127,Male,24,2,"Institute of technology, science and technological college (continue with 6a2)","Yes, I graduated",1.11236804353596
326211,Male,24,2,"Institute of technology, science and technological college (continue with 6a2)","No, I didn't graduate",1.11236804353596
326218,Female,19,2,College (continue with 6a2),Not applicable,1.11236804353596
326229,Female,19,2,College (continue with 6a2),Not applicable,1.11236804353596
326231,Female,19,2,Senior high school (continue with 6a1),"No, I am still a student",1.11236804353596
328102,Male,19,2,Vocational senior high school (continue with 6a1),"Yes, I graduated",1.19733614412157
328104,Female,19,2,Five-year junior college,"No, I am still a student",1.19733614412157
328106,Female,21,2,College (continue with 6a2),Not applicable,1.19733614412157
328114,Male,21,2,"Institute of technology, science and technological college (continue with 6a2)",Not applicable,1.19733614412157
328204,Male,19,2,"Institute of technology, science and technological college (continue with 6a2)","No, I am still a student",1.19733614412157
330235,Male,20,2,College (continue with 6a2),"No, I am still a student",0.913969886054424
333115,Male,19,2,Junior high school,"No, I didn't graduate",1.07760626558301
333130,Male,23,2,Vocational senior high school (continue with 6a1),"Yes, I graduated",1.07760626558301
333208,Male,24,2,College (continue with 6a2),Not applicable,1.07760626558301
333215,Male,22,2,College (continue with 6a2),Not applicable,1.07760626558301
333217,Female,22,2,"Institute of technology, science and technological college (continue with 6a2)",Not applicable,1.07760626558301
360105,Male,19,2,"Institute of technology, science and technological college (continue with 6a2)",Not applicable,1.11236804353596
360119,Female,22,2,"Institute of technology, science and technological college (continue with 6a2)","Yes, I graduated",1.11236804353596
360203,Female,19,2,Vocational senior high school (continue with 6a1),"Yes, I graduated",1.11236804353596
360204,Male,24,2,College (continue with 6a2),"No, I didn't graduate",1.11236804353596
360224,Male,19,2,Vocational senior high school (continue with 6a1),"Yes, I graduated",1.11236804353596
360227,Male,24,2,Vocational senior high school (continue with 6a1),"Yes, I graduated",1.11236804353596
364109,Male,23,2,Junior high school,"Yes, I graduated",1.09755824872901
364119,Female,19,2,Five-year junior college,"No, I didn't graduate",1.09755824872901
402103,Female,19,3,College (continue with 6a2),Not applicable,0.90162524437804
402120,Male,19,3,College (continue with 6a2),"No, I am still a student",0.90162524437804
402227,Male,23,3,Vocational senior high school (continue with 6a1),"Yes, I graduated",0.90162524437804
406130,Male,24,3,Vocational senior high school (continue with 6a1),"Yes, I graduated",0.874303131080825
406215,Female,23,3,Master's degree (continue with 6a2),"Yes, I graduated",0.874303131080825
407106,Male,23,3,"Institute of technology, science and technological college (continue with 6a2)","Yes, I graduated",0.90162524437804
407209,Female,19,3,College (continue with 6a2),Not applicable,0.90162524437804
407212,Female,21,3,Military/police college_duplicated_17,"No, I am still a student",0.90162524437804
412121,Male,24,3,Vocational senior high school (continue with 6a1),"Yes, I graduated",1.06133094861926
412213,Female,24,3,College (continue with 6a2),"Yes, I graduated",1.06133094861926
412218,Female,20,3,College (continue with 6a2),"No, I am still a student",1.06133094861926
412226,Female,23,3,Master's degree (continue with 6a2),"No, I am still a student",1.06133094861926
413125,Female,22,3,"Institute of technology, science and technological college (continue with 6a2)","Yes, I graduated",1.21865686962265
413222,Male,21,3,Two-year junior college,"No, I am still a student",1.21865686962265
414211,Male,23,3,"Institute of technology, science and technological college (continue with 6a2)","No, I didn't graduate",1.02595325020247
433103,Male,22,3,Vocational senior high school (continue with 6a1),"Yes, I graduated",1.06133094861926
433112,Female,20,3,Vocational senior high school (continue with 6a1),"Yes, I graduated",1.06133094861926
433117,Female,22,3,"Institute of technology, science and technological college (continue with 6a2)","No, I didn't graduate",1.06133094861926
433215,Female,22,3,"Institute of technology, science and technological college (continue with 6a2)","Yes, I graduated",1.06133094861926
433218,Male,23,3,"Institute of technology, science and technological college (continue with 6a2)","Yes, I graduated",1.06133094861926
437105,Female,22,3,"Institute of technology, science and technological college (continue with 6a2)",Not applicable,1.21865686962265
437202,Male,23,3,College (continue with 6a2),"No, I am still a student",1.21865686962265
437205,Female,23,3,"Institute of technology, science and technological college (continue with 6a2)","Yes, I graduated",1.21865686962265
437206,Male,24,3,"Institute of technology, science and technological college (continue with 6a2)","Yes, I graduated",1.21865686962265
437207,Female,23,3,Senior high school (continue with 6a1),"No, I didn't graduate",1.21865686962265
437213,Male,22,3,"Institute of technology, science and technological college (continue with 6a2)","No, I am still a student",1.21865686962265
437221,Male,21,3,College (continue with 6a2),"No, I am still a student",1.21865686962265
503118,Male,19,3,"Institute of technology, science and technological college (continue with 6a2)","No, I am still a student",1.21865686962265
503124,Female,23,3,"Institute of technology, science and technological college (continue with 6a2)","Yes, I graduated",1.21865686962265
503125,Male,23,3,Vocational senior high school (continue with 6a1),"No, I am still a student",1.21865686962265
503215,Male,23,3,College (continue with 6a2),"Yes, I graduated",1.21865686962265
510219,Male,21,3,College (continue with 6a2),"No, I am still a student",1.02595325020247
523103,Male,21,3,College (continue with 6a2),Not applicable,1.21865686962265
523105,Male,19,3,Senior high school (continue with 6a1),"Yes, I graduated",1.21865686962265
523116,Male,22,3,College (continue with 6a2),Not applicable,1.21865686962265
523117,Male,22,3,Vocational senior high school (continue with 6a1),"No, I didn't graduate",1.21865686962265
523201,Male,22,3,Vocational senior high school (continue with 6a1),"Yes, I graduated",1.21865686962265
523222,Female,22,3,"Institute of technology, science and technological college (continue with 6a2)",Not applicable,1.21865686962265
526101,Female,24,3,College (continue with 6a2),"Yes, I graduated",1.24317202003123
551202,Female,19,3,Don't know,Not applicable,1.24317202003123
600105,Male,21,4,College (continue with 6a2),"No, I am still a student",1.16763824576469
600111,Male,23,4,Junior high school,"Yes, I graduated",1.16763824576469
600121,Female,20,4,College (continue with 6a2),"No, I am still a student",1.16763824576469
600219,Female,23,4,"Institute of technology, science and technological college (continue with 6a2)","Yes, I graduated",1.16763824576469
604206,Female,24,4,Master's degree (continue with 6a2),"Yes, I graduated",1.11504673744942
621222,Female,23,4,Comprehensive senior high school (continue with 6a1),"Yes, I graduated",1.26494119020799
651111,Male,19,4,Junior high school,"Yes, I graduated",1.07044521771677
651122,Male,19,4,Vocational senior high school (continue with 6a1),"Yes, I graduated",1.07044521771677
651202,Female,23,4,College (continue with 6a2),"Yes, I graduated",1.07044521771677
651219,Male,24,4,Vocational senior high school (continue with 6a1),"Yes, I graduated",1.07044521771677
653106,Female,21,4,College (continue with 6a2),"No, I didn't graduate",1.11504673744942
653116,Female,19,4,College (continue with 6a2),"No, I didn't graduate",1.11504673744942
653206,Female,24,4,"Institute of technology, science and technological college (continue with 6a2)","Yes, I graduated",1.11504673744942
653218,Male,20,4,Vocational senior high school (continue with 6a1),"Yes, I graduated",1.11504673744942
701109,Female,24,4,"Institute of technology, science and technological college (continue with 6a2)","Yes, I graduated",1.16223124828666
701112,Male,22,4,"Institute of technology, science and technological college (continue with 6a2)","Yes, I graduated",1.16223124828666
702103,Female,20,4,College (continue with 6a2),"No, I am still a student",1.16763824576469
702209,Female,22,4,Two-year junior college,"No, I didn't graduate",1.16763824576469
709112,Female,24,4,Master's degree (continue with 6a2),"Yes, I graduated",1.25908361057793
709203,Male,20,4,College (continue with 6a2),Not applicable,1.25908361057793
717109,Female,24,4,"Institute of technology, science and technological college (continue with 6a2)","Yes, I graduated",1.16223124828666
717121,Female,21,4,"Institute of technology, science and technological college (continue with 6a2)","No, I am still a student",1.16223124828666
717211,Male,22,4,"Institute of technology, science and technological college (continue with 6a2)","No, I am still a student",1.16223124828666
722212,Male,22,4,Vocational senior high school (continue with 6a1),"Yes, I graduated",1.16763824576469
722219,Male,19,4,Vocational senior high school (continue with 6a1),"Yes, I graduated",1.16763824576469
722221,Female,19,4,Five-year junior college,"No, I am still a student",1.16763824576469
801116,Female,24,5,Five-year junior college,"Yes, I graduated",0.991617947824746
801121,Male,20,5,College (continue with 6a2),Not applicable,0.991617947824746
811109,Female,19,5,Five-year junior college,"No, I am still a student",1.01626792045268
811117,Male,19,5,Vocational senior high school (continue with 6a1),"Yes, I graduated",1.01626792045268
811129,Male,19,5,Vocational senior high school (continue with 6a1),"Yes, I graduated",1.01626792045268
811131,Female,20,5,"Institute of technology, science and technological college (continue with 6a2)","No, I am still a student",1.01626792045268
811216,Male,20,5,"Institute of technology, science and technological college (continue with 6a2)",Not applicable,1.01626792045268
813101,Female,19,5,College (continue with 6a2),Not applicable,1.04670777851405
813106,Female,24,5,"Institute of technology, science and technological college (continue with 6a2)","Yes, I graduated",1.04670777851405
813136,Female,21,5,College (continue with 6a2),Not applicable,1.04670777851405
813212,Male,23,5,Master's degree (continue with 6a2),"No, I am still a student",1.04670777851405
813222,Male,20,5,Vocational senior high school (continue with 6a1),"Yes, I graduated",1.04670777851405
820105,Male,23,5,College (continue with 6a2),"Yes, I graduated",1.01626792045268
820109,Female,21,5,College (continue with 6a2),"No, I am still a student",1.01626792045268
820115,Female,22,5,College (continue with 6a2),"No, I am still a student",1.01626792045268
820127,Female,21,5,"Institute of technology, science and technological college (continue with 6a2)",Not applicable,1.01626792045268
820205,Female,19,5,College (continue with 6a2),Not applicable,1.01626792045268
821120,Male,19,5,Vocational senior high school (continue with 6a1),"Yes, I graduated",1.29325587138695
821203,Female,24,5,Master's degree (continue with 6a2),"No, I am still a student",1.29325587138695
821212,Female,22,5,"Institute of technology, science and technological college (continue with 6a2)","No, I am still a student",1.29325587138695
830115,Male,24,5,Junior high school,"Yes, I graduated",0.991617947824746
830119,Female,19,5,"Institute of technology, science and technological college (continue with 6a2)","No, I am still a student",0.991617947824746
830131,Male,23,5,College (continue with 6a2),"No, I didn't graduate",0.991617947824746
830138,Male,21,5,Vocational senior high school (continue with 6a1),"Yes, I graduated",0.991617947824746
830204,Male,23,5,"Institute of technology, science and technological college (continue with 6a2)","Yes, I graduated",0.991617947824746
830228,Female,23,5,"Institute of technology, science and technological college (continue with 6a2)","Yes, I graduated",0.991617947824746
830238,Female,22,5,College (continue with 6a2),"No, I am still a student",0.991617947824746
931208,Male,21,5,Vocational senior high school (continue with 6a1),"Yes, I graduated",1.29325587138695
931213,Female,22,5,College (continue with 6a2),"Yes, I graduated",1.29325587138695
931218,Female,21,5,College (continue with 6a2),"No, I am still a student",1.29325587138695
946123,Female,19,5,Vocational senior high school (continue with 6a1),"Yes, I graduated",1.29325587138695
946124,Male,24,5,"Institute of technology, science and technological college (continue with 6a2)","No, I didn't graduate",1.29325587138695
946125,Male,23,5,Senior high school (continue with 6a1),"Yes, I graduated",1.29325587138695
946227,Female,22,5,College (continue with 6a2),"No, I am still a student",1.29325587138695
973112,Male,24,6,Vocational senior high school (continue with 6a1),"Yes, I graduated",0.964992309007118
973122,Male,24,6,College (continue with 6a2),"Yes, I graduated",0.964992309007118
973124,Female,24,6,College (continue with 6a2),"Yes, I graduated",0.964992309007118
981209,Male,22,6,"Institute of technology, science and technological college (continue with 6a2)","No, I didn't graduate",1.04294714282112
981214,Male,20,6,College (continue with 6a2),"No, I am still a student",1.04294714282112
